,Naive,LR,RF,FFNN
R0,9.019103619837068,7.365559865815781,6.270620953559744,5.548301871835812
R1,7.132868224975873,5.708608241849294,5.035534096289127,4.995502322705525
R2,6.895411104555814,6.260591737141472,5.297071122446957,5.5618182235362115
R3,8.199670380052233,6.395748863152515,5.310397082286199,10.616514197832071
R4,10.591697701321976,7.727596276613084,6.682792474403942,7.294380454387528
R5,7.863033938447233,6.210098399565258,5.3172291815003,5.4178949839526345
R6,6.850573069729535,6.10719805744364,5.436314875167027,5.723583458215542
